Interaction_ID,Client_ID,Channel,Action_Type,Resolution_Time
1,1068,Call Center,Login,40
2,77,Call Center,Transfer,245
3,1064,Web,Transfer,212
4,30,Call Center,Transfer,80
5,982,Call Center,Login,131
6,503,App,Login,281
7,1138,Call Center,Transfer,68
8,236,Web,Consulta,53
9,426,App,Login,208
10,943,Call Center,Transfer,91
11,1229,App,Transfer,30
12,1000,Call Center,Login,418
13,889,Web,Consulta,151
14,705,Web,Consulta,101
15,1035,Call Center,Transfer,326
16,198,App,Login,406
17,920,App,Login,133
18,367,App,Consulta,85
19,541,Call Center,Transfer,115
20,1104,App,Transfer,389
21,181,App,Transfer,473
22,1228,Web,Login,383
23,541,Call Center,Transfer,46
24,1234,Web,Login,131
25,413,Web,Consulta,91
26,965,Web,Consulta,325
27,1114,Call Center,Login,410
28,605,Call Center,Login,450
29,1205,Call Center,Consulta,230
30,686,Call Center,Transfer,176
31,362,Call Center,Transfer,66
32,915,Call Center,Transfer,331
33,1245,Call Center,Login,182
34,219,Call Center,Consulta,351
35,1186,Call Center,Login,93
36,1184,Web,Transfer,355
37,382,Call Center,Consulta,325
38,518,Call Center,Transfer,475
39,412,Web,Login,37
40,1397,Call Center,Login,450
41,338,Web,Login,407
42,742,Call Center,Consulta,380
43,454,Web,Login,263
44,1002,Web,Transfer,143
45,1248,Web,Consulta,38
46,1073,Call Center,Consulta,105
47,158,App,Consulta,257
48,956,App,Consulta,201
49,879,Call Center,Consulta,243
50,361,App,Consulta,202
51,96,Call Center,Login,65
52,692,Web,Transfer,124
53,861,Call Center,Login,7
54,549,App,Consulta,476
55,1268,Web,Transfer,33
56,339,Web,Consulta,321
57,1213,Call Center,Consulta,447
58,1196,App,Consulta,447
59,527,App,Transfer,446
60,549,Web,Transfer,40
61,1092,Call Center,Consulta,147
62,93,Web,Login,250
63,1092,App,Consulta,269
64,508,Call Center,Consulta,329
65,1067,App,Login,329
66,1235,Web,Transfer,27
67,15,Call Center,Consulta,173
68,1374,App,Login,333
69,281,App,Transfer,66
70,779,Call Center,Consulta,61
71,96,App,Login,430
72,609,Call Center,Login,97
73,613,Web,Login,55
74,771,Call Center,Transfer,20
75,397,App,Login,171
76,1341,App,Consulta,314
77,1198,Web,Login,18
78,961,Web,Login,53
79,1305,Web,Consulta,327
80,1349,Call Center,Login,257
81,1430,Web,Login,237
82,52,Call Center,Transfer,190
83,748,Call Center,Login,290
84,19,Call Center,Transfer,145
85,288,Web,Transfer,340
86,918,Web,Login,297
87,142,App,Consulta,280
88,124,Web,Consulta,391
89,861,App,Consulta,284
90,224,Call Center,Consulta,359
91,1165,App,Consulta,155
92,1377,Web,Login,100
93,1336,App,Transfer,22
94,1281,App,Consulta,255
95,1393,App,Login,427
96,918,Web,Login,132
97,701,Web,Transfer,193
98,426,App,Login,124
99,893,Web,Login,404
100,324,Web,Login,330
101,742,Call Center,Login,205
102,1141,Web,Consulta,215
103,48,Call Center,Consulta,159
104,47,App,Consulta,129
105,970,Web,Login,216
106,228,Web,Consulta,184
107,915,App,Consulta,241
108,1224,Web,Consulta,167
109,1225,Web,Transfer,28
110,38,Web,Transfer,199
111,9,Web,Login,190
112,990,Call Center,Consulta,230
113,874,Call Center,Login,100
114,929,App,Login,313
115,604,App,Transfer,141
116,1490,App,Consulta,477
117,5,App,Transfer,118
118,280,App,Transfer,214
119,325,Web,Login,181
120,855,Web,Login,197
121,183,App,Consulta,381
122,639,Web,Login,248
123,945,Call Center,Transfer,264
124,507,Web,Login,327
125,195,Web,Transfer,459
126,607,Web,Transfer,122
127,700,Call Center,Transfer,479
128,519,App,Login,88
129,1402,Web,Consulta,424
130,597,Call Center,Transfer,373
131,998,App,Login,433
132,487,Web,Transfer,161
133,228,App,Consulta,229
134,1233,App,Consulta,230
135,1441,Call Center,Login,105
136,1125,Web,Transfer,37
137,1208,Call Center,Transfer,441
138,1286,Web,Transfer,323
139,624,Web,Login,90
140,1373,Call Center,Login,61
141,263,Web,Consulta,35
142,1466,App,Consulta,179
143,855,App,Transfer,236
144,1022,Web,Transfer,346
145,474,App,Consulta,133
146,958,Call Center,Consulta,265
147,10,Web,Transfer,32
148,32,Web,Consulta,453
149,191,Call Center,Transfer,217
150,1162,Call Center,Consulta,191
151,715,Web,Login,47
152,859,Call Center,Login,401
153,347,Web,Transfer,448
154,1251,Web,Transfer,220
155,349,Call Center,Login,8
156,56,App,Consulta,48
157,790,Web,Consulta,13
158,484,Web,Login,59
159,204,Web,Login,327
160,356,Call Center,Consulta,106
161,505,Call Center,Login,257
162,874,App,Consulta,5
163,806,Web,Transfer,244
164,406,Web,Transfer,237
165,606,Web,Consulta,314
166,832,Call Center,Login,129
167,823,Web,Transfer,147
168,1021,Call Center,Transfer,139
169,1191,App,Transfer,59
170,1433,Call Center,Consulta,123
171,730,Web,Consulta,46
172,681,App,Consulta,344
173,747,Call Center,Consulta,442
174,785,App,Consulta,390
175,727,Call Center,Consulta,285
176,51,Call Center,Login,43
177,650,Call Center,Transfer,158
178,685,Web,Transfer,147
179,154,Web,Login,104
180,895,App,Login,203
181,1374,Web,Consulta,37
182,661,Call Center,Consulta,72
183,298,Web,Consulta,63
184,300,Call Center,Login,202
185,564,Web,Transfer,119
186,65,App,Transfer,457
187,392,Web,Transfer,69
188,894,Web,Transfer,450
189,1108,Web,Login,122
190,421,Web,Transfer,55
191,1466,App,Consulta,58
192,332,App,Transfer,184
193,1387,Web,Login,437
194,1372,Web,Transfer,330
195,1349,App,Consulta,412
196,1294,Web,Transfer,259
197,594,App,Login,233
198,347,App,Transfer,266
199,1083,Call Center,Login,308
200,337,App,Transfer,377
201,992,Web,Transfer,341
202,1087,App,Consulta,31
203,1492,App,Transfer,451
204,251,App,Login,386
205,1012,App,Transfer,261
206,823,App,Login,167
207,574,Web,Transfer,409
208,374,Call Center,Login,104
209,708,Call Center,Consulta,263
210,209,Call Center,Consulta,444
211,1090,Web,Login,198
212,1246,Web,Consulta,213
213,890,Call Center,Transfer,398
214,798,Web,Login,426
215,298,Web,Login,479
216,334,Web,Consulta,27
217,767,Call Center,Consulta,288
218,349,Web,Login,425
219,282,Web,Transfer,388
220,1010,App,Login,279
221,2,Web,Transfer,58
222,652,App,Consulta,84
223,1113,App,Consulta,115
224,758,Call Center,Consulta,7
225,1329,Call Center,Login,69
226,1491,App,Login,456
227,848,Web,Consulta,45
228,1070,Call Center,Transfer,182
229,1411,Web,Transfer,154
230,780,Call Center,Consulta,11
231,842,App,Transfer,423
232,1456,Call Center,Consulta,306
233,1256,App,Consulta,358
234,514,Call Center,Transfer,346
235,185,Call Center,Transfer,350
236,482,Web,Consulta,452
237,177,App,Consulta,192
238,412,Web,Consulta,460
239,424,App,Consulta,123
240,682,App,Consulta,360
241,612,Call Center,Consulta,266
242,223,Web,Consulta,177
243,247,App,Consulta,46
244,90,App,Transfer,9
245,1429,Web,Transfer,307
246,98,Web,Transfer,101
247,160,Call Center,Login,82
248,40,App,Login,15
249,1377,Web,Transfer,386
250,1165,App,Consulta,303
251,921,App,Transfer,112
252,861,Call Center,Login,124
253,995,App,Login,255
254,625,App,Login,175
255,870,Web,Transfer,380
256,784,App,Login,472
257,1164,Web,Transfer,446
258,137,App,Transfer,276
259,1483,Call Center,Transfer,243
260,1016,Web,Transfer,143
261,83,Call Center,Consulta,253
262,370,App,Consulta,342
263,1040,Web,Transfer,132
264,797,Web,Consulta,18
265,98,Call Center,Login,173
266,1185,Web,Login,189
267,1213,Call Center,Transfer,453
268,1211,Web,Login,77
269,1005,App,Consulta,478
270,1286,Call Center,Login,66
271,1392,Call Center,Transfer,213
272,1186,Web,Consulta,24
273,445,Call Center,Consulta,95
274,874,Web,Consulta,450
275,258,App,Login,408
276,35,App,Transfer,339
277,646,App,Transfer,440
278,1239,Call Center,Transfer,143
279,258,App,Consulta,292
280,68,Web,Consulta,103
281,24,Call Center,Login,162
282,114,Web,Login,419
283,1034,Call Center,Transfer,150
284,377,App,Login,123
285,1116,App,Transfer,57
286,1493,Call Center,Consulta,480
287,62,App,Consulta,387
288,540,App,Consulta,147
289,93,Web,Consulta,116
290,1158,Call Center,Login,403
291,1128,App,Consulta,130
292,1365,Call Center,Consulta,269
293,1123,App,Transfer,101
294,1394,Call Center,Login,429
295,777,App,Transfer,361
296,853,Web,Login,241
297,54,Call Center,Login,364
298,1111,App,Transfer,321
299,1053,Web,Consulta,172
300,36,App,Transfer,53
301,472,App,Consulta,17
302,659,Web,Consulta,47
303,480,App,Transfer,238
304,685,App,Consulta,140
305,804,Web,Login,5
306,663,Web,Consulta,216
307,1439,Call Center,Consulta,70
308,931,Call Center,Login,43
309,909,Call Center,Transfer,433
310,211,App,Consulta,195
311,1012,Call Center,Transfer,17
312,530,Call Center,Login,386
313,35,Web,Transfer,466
314,748,App,Transfer,140
315,1061,Web,Transfer,466
316,947,Call Center,Login,293
317,1065,Web,Login,92
318,340,App,Login,454
319,950,Web,Consulta,246
320,64,Call Center,Login,99
321,913,App,Consulta,163
322,1490,Web,Consulta,407
323,1132,Call Center,Transfer,266
324,1308,App,Transfer,27
325,80,Call Center,Consulta,220
326,949,App,Transfer,85
327,42,Web,Transfer,467
328,716,App,Login,260
329,872,App,Transfer,290
330,1248,Call Center,Transfer,329
331,20,App,Consulta,75
332,1022,Call Center,Consulta,118
333,691,Web,Transfer,309
334,130,App,Transfer,252
335,942,Web,Transfer,31
336,1420,Call Center,Transfer,446
337,969,Web,Consulta,82
338,398,Web,Transfer,388
339,1042,Web,Transfer,261
340,483,App,Transfer,52
341,1300,Call Center,Consulta,148
342,841,Call Center,Consulta,378
343,1272,App,Transfer,302
344,1328,App,Login,174
345,1473,Call Center,Login,214
346,190,Web,Login,299
347,395,Web,Login,478
348,727,Call Center,Login,274
349,844,Web,Login,112
350,229,App,Consulta,218
351,491,App,Consulta,272
352,1386,Call Center,Consulta,258
353,277,App,Login,117
354,590,Web,Consulta,104
355,789,Call Center,Consulta,212
356,786,App,Login,79
357,432,Web,Transfer,290
358,1275,Web,Consulta,307
359,1079,Call Center,Consulta,15
360,1176,Call Center,Transfer,332
361,807,Web,Consulta,276
362,1440,Web,Transfer,345
363,649,App,Consulta,232
364,1218,App,Login,282
365,804,Web,Consulta,81
366,174,App,Consulta,190
367,1021,App,Transfer,374
368,781,App,Consulta,418
369,548,App,Consulta,288
370,312,Web,Consulta,214
371,535,Web,Transfer,378
372,1022,App,Login,75
373,1297,Web,Consulta,214
374,1164,Web,Transfer,456
375,269,Web,Transfer,116
376,101,App,Consulta,194
377,37,Web,Transfer,76
378,868,Web,Consulta,426
379,1231,Call Center,Transfer,406
380,901,Web,Consulta,152
381,996,App,Consulta,152
382,461,Call Center,Transfer,272
383,796,Web,Transfer,318
384,977,Web,Login,419
385,738,Call Center,Login,290
386,885,App,Transfer,471
387,169,App,Consulta,196
388,418,App,Transfer,474
389,1049,Web,Transfer,176
390,1117,Call Center,Transfer,479
391,309,Call Center,Login,333
392,369,App,Login,92
393,647,App,Consulta,361
394,1451,Call Center,Consulta,51
395,762,App,Consulta,161
396,790,Call Center,Login,464
397,529,App,Consulta,155
398,468,App,Login,82
399,497,Call Center,Transfer,263
400,1078,Web,Transfer,72
401,863,Call Center,Login,100
402,182,Web,Login,396
403,623,App,Transfer,204
404,270,Web,Login,297
405,762,Call Center,Transfer,138
406,527,Web,Consulta,367
407,1088,Call Center,Consulta,174
408,1429,Web,Transfer,392
409,907,Call Center,Transfer,214
410,1217,Web,Consulta,117
411,90,App,Login,206
412,998,Call Center,Login,246
413,99,App,Login,291
414,318,Web,Transfer,286
415,1330,Call Center,Consulta,476
416,1269,Call Center,Login,411
417,231,Web,Consulta,356
418,1371,Web,Transfer,53
419,417,App,Consulta,308
420,622,App,Transfer,330
421,557,Web,Transfer,92
422,1454,Call Center,Login,432
423,1163,Call Center,Transfer,37
424,727,Call Center,Transfer,219
425,1152,Web,Login,323
426,427,Web,Login,65
427,17,Call Center,Consulta,297
428,283,Call Center,Login,229
429,1039,Call Center,Transfer,476
430,1069,Web,Transfer,470
431,702,App,Transfer,130
432,979,Call Center,Consulta,247
433,666,App,Login,414
434,1323,App,Transfer,196
435,1440,Call Center,Login,56
436,350,Web,Login,390
437,134,Web,Transfer,392
438,1303,Call Center,Consulta,55
439,219,Web,Login,381
440,453,Call Center,Transfer,337
441,697,Web,Consulta,292
442,831,Call Center,Consulta,470
443,525,App,Consulta,107
444,1270,App,Login,373
445,1381,Call Center,Login,306
446,383,Call Center,Transfer,250
447,704,Call Center,Transfer,165
448,191,Call Center,Login,379
449,837,App,Consulta,430
450,925,Call Center,Login,145
451,386,Call Center,Transfer,355
452,509,App,Consulta,176
453,1049,Call Center,Login,340
454,222,App,Login,402
455,538,Web,Login,449
456,300,Web,Consulta,51
457,138,Web,Login,183
458,1096,Call Center,Transfer,62
459,792,App,Consulta,307
460,1022,Web,Transfer,100
461,793,App,Transfer,473
462,336,App,Login,478
463,865,Web,Transfer,250
464,1439,App,Login,223
465,125,Web,Login,125
466,1207,Web,Login,463
467,497,Call Center,Transfer,410
468,903,App,Consulta,472
469,643,Web,Consulta,175
470,329,App,Consulta,219
471,944,App,Consulta,36
472,1186,App,Login,60
473,701,App,Consulta,17
474,1234,Web,Transfer,189
475,487,Web,Transfer,134
476,1159,Call Center,Consulta,207
477,1290,Web,Login,417
478,1321,App,Login,59
479,171,App,Consulta,478
480,618,Call Center,Transfer,78
481,1331,Call Center,Login,37
482,1392,Call Center,Transfer,309
483,387,Web,Login,321
484,1146,App,Transfer,411
485,373,App,Login,445
486,1203,Call Center,Transfer,93
487,818,Call Center,Login,417
488,856,App,Consulta,7
489,1415,Call Center,Login,340
490,251,Web,Transfer,115
491,473,Call Center,Transfer,169
492,1218,Web,Consulta,351
493,1453,Web,Login,19
494,40,App,Transfer,474
495,1243,App,Transfer,76
496,421,App,Transfer,164
497,1246,App,Consulta,78
498,738,Web,Login,364
499,599,Web,Transfer,90
500,619,App,Login,180
501,981,Web,Transfer,307
502,264,App,Transfer,338
503,324,Call Center,Transfer,328
504,644,Web,Transfer,274
505,1372,App,Login,368
506,371,Call Center,Login,254
507,207,App,Login,108
508,1462,App,Consulta,172
509,940,Call Center,Consulta,36
510,628,Web,Login,174
511,601,Web,Consulta,317
512,1057,Web,Login,225
513,1035,App,Transfer,10
514,884,App,Consulta,325
515,1086,Call Center,Consulta,435
516,1197,Web,Transfer,13
517,548,App,Consulta,48
518,1111,Web,Login,142
519,85,Call Center,Consulta,129
520,351,App,Consulta,357
521,255,Web,Transfer,269
522,337,App,Transfer,411
523,550,Call Center,Transfer,62
524,27,Web,Transfer,287
525,1398,Web,Login,441
526,1489,Web,Transfer,88
527,1065,Web,Login,215
528,1122,Web,Transfer,198
529,276,App,Transfer,319
530,1190,App,Login,206
531,832,Call Center,Login,372
532,906,Call Center,Login,225
533,169,Call Center,Login,259
534,155,Call Center,Transfer,459
535,875,Web,Consulta,176
536,254,App,Consulta,411
537,1341,App,Consulta,416
538,386,Call Center,Consulta,305
539,1325,Call Center,Login,203
540,701,App,Transfer,115
541,514,Web,Transfer,88
542,1392,Web,Consulta,65
543,1244,Call Center,Login,95
544,927,Web,Transfer,322
545,547,Call Center,Login,419
546,600,Web,Consulta,68
547,1173,Web,Login,307
548,1356,Web,Consulta,330
549,267,Web,Login,429
550,1247,App,Consulta,67
551,125,Call Center,Login,193
552,1033,App,Transfer,52
553,1300,Web,Transfer,456
554,96,App,Transfer,395
555,1232,App,Consulta,20
556,278,Call Center,Transfer,129
557,933,Call Center,Login,36
558,116,Call Center,Consulta,461
559,630,Web,Consulta,353
560,915,Call Center,Transfer,203
561,242,App,Transfer,475
562,96,Web,Transfer,262
563,1088,Web,Consulta,29
564,437,App,Transfer,205
565,1126,Web,Login,334
566,1374,App,Transfer,119
567,495,App,Consulta,159
568,143,Call Center,Login,449
569,965,Call Center,Login,44
570,37,Call Center,Consulta,254
571,969,Web,Transfer,258
572,1196,Call Center,Login,8
573,1298,Call Center,Login,279
574,1180,App,Transfer,210
575,517,App,Consulta,189
576,1296,App,Consulta,150
577,634,Web,Transfer,157
578,347,App,Consulta,419
579,484,Web,Login,76
580,591,App,Transfer,284
581,726,Web,Login,74
582,741,Web,Login,147
583,667,Web,Transfer,440
584,848,Call Center,Transfer,174
585,740,App,Login,361
586,662,Web,Consulta,125
587,656,App,Login,455
588,695,Web,Transfer,365
589,787,App,Login,334
590,411,Web,Login,41
591,1216,Call Center,Consulta,148
592,241,App,Consulta,351
593,551,Call Center,Login,321
594,56,App,Login,251
595,121,Call Center,Login,110
596,1256,Web,Consulta,340
597,309,Web,Login,230
598,508,App,Consulta,275
599,1447,App,Consulta,467
600,393,Web,Transfer,148
601,176,App,Login,83
602,208,App,Login,367
603,425,App,Transfer,73
604,70,Call Center,Login,135
605,1335,Web,Transfer,182
606,264,Web,Consulta,428
607,389,Call Center,Login,70
608,348,Web,Transfer,272
609,1096,Call Center,Consulta,157
610,913,Call Center,Login,100
611,1236,Web,Login,112
612,635,Call Center,Transfer,19
613,622,Web,Consulta,224
614,1376,Web,Transfer,297
615,825,Call Center,Transfer,199
616,1359,Call Center,Login,163
617,999,App,Login,254
618,486,App,Transfer,79
619,255,Call Center,Login,257
620,264,Web,Consulta,248
621,1321,App,Login,313
622,714,App,Consulta,356
623,951,App,Consulta,425
624,58,Call Center,Login,424
625,457,Call Center,Login,207
626,795,Web,Consulta,117
627,262,Web,Transfer,229
628,254,App,Transfer,452
629,1280,App,Consulta,383
630,1328,Call Center,Consulta,168
631,1358,Call Center,Login,373
632,91,App,Login,195
633,915,App,Transfer,317
634,99,Call Center,Transfer,232
635,1019,Call Center,Login,159
636,165,Web,Login,258
637,50,App,Login,421
638,464,App,Consulta,230
639,665,App,Transfer,193
640,216,App,Login,183
641,179,Call Center,Consulta,93
642,509,Web,Login,194
643,191,App,Consulta,253
644,1344,Web,Consulta,222
645,772,App,Login,25
646,1158,Web,Transfer,127
647,611,Web,Transfer,334
648,1175,Web,Consulta,411
649,736,Call Center,Transfer,390
650,412,Call Center,Consulta,332
651,988,App,Consulta,127
652,178,Web,Login,418
653,232,Call Center,Transfer,72
654,457,Web,Consulta,36
655,681,Web,Consulta,292
656,647,Call Center,Login,434
657,1455,Web,Login,430
658,558,Web,Transfer,146
659,471,Call Center,Consulta,436
660,515,Web,Transfer,350
661,347,Call Center,Transfer,200
662,1309,App,Transfer,268
663,306,Call Center,Consulta,264
664,380,Call Center,Transfer,140
665,773,App,Consulta,257
666,1385,Web,Consulta,81
667,725,App,Consulta,61
668,387,Web,Consulta,301
669,810,App,Consulta,289
670,1271,Call Center,Transfer,241
671,128,App,Transfer,6
672,626,Web,Transfer,435
673,192,Web,Transfer,72
674,1456,Call Center,Transfer,49
675,92,Call Center,Transfer,300
676,1311,Call Center,Transfer,308
677,745,Web,Login,174
678,1221,Call Center,Transfer,262
679,1062,Web,Consulta,381
680,478,App,Consulta,198
681,666,App,Consulta,133
682,558,Web,Login,159
683,296,App,Transfer,314
684,248,Call Center,Transfer,182
685,890,App,Login,346
686,560,Web,Login,239
687,1240,App,Login,280
688,1138,App,Transfer,27
689,879,Call Center,Transfer,461
690,1237,Web,Consulta,417
691,169,Web,Login,363
692,1246,Web,Login,264
693,824,App,Consulta,414
694,987,Web,Transfer,16
695,1298,Call Center,Login,141
696,445,Call Center,Login,158
697,983,App,Transfer,301
698,1275,Call Center,Consulta,306
699,603,Call Center,Login,451
700,1077,Call Center,Login,430
701,1414,App,Transfer,24
702,1387,Web,Transfer,129
703,260,Call Center,Transfer,338
704,1368,App,Consulta,289
705,1150,App,Login,119
706,1457,Call Center,Transfer,450
707,1482,Web,Transfer,146
708,1030,Call Center,Consulta,357
709,117,Web,Consulta,223
710,1411,Call Center,Consulta,382
711,786,Call Center,Consulta,307
712,915,Call Center,Consulta,207
713,826,Call Center,Transfer,420
714,745,Call Center,Consulta,65
715,1193,Call Center,Consulta,23
716,1304,Call Center,Transfer,50
717,1301,Web,Login,320
718,1360,Web,Transfer,161
719,277,App,Transfer,5
720,1324,Call Center,Consulta,77
721,935,App,Transfer,11
722,1312,App,Consulta,367
723,974,Web,Transfer,334
724,1294,Web,Transfer,157
725,618,Call Center,Transfer,454
726,1233,App,Consulta,380
727,247,Call Center,Consulta,152
728,660,App,Consulta,383
729,639,Web,Login,165
730,915,Web,Transfer,18
731,477,Call Center,Consulta,204
732,5,App,Transfer,13
733,1103,Web,Consulta,290
734,391,Web,Transfer,31
735,206,Call Center,Transfer,362
736,97,App,Login,39
737,537,Web,Transfer,431
738,430,Call Center,Consulta,109
739,621,Call Center,Consulta,197
740,66,Web,Login,151
741,1032,App,Transfer,454
742,985,App,Consulta,40
743,1450,Web,Transfer,333
744,506,Web,Transfer,432
745,595,Web,Transfer,473
746,830,Call Center,Consulta,20
747,785,App,Consulta,432
748,1206,App,Login,298
749,1371,Web,Transfer,125
750,1206,App,Login,79
751,62,Call Center,Login,378
752,791,Web,Transfer,437
753,217,App,Transfer,62
754,195,Web,Login,121
755,804,Call Center,Login,243
756,895,App,Consulta,87
757,1113,App,Consulta,24
758,268,App,Transfer,390
759,969,App,Consulta,459
760,283,App,Transfer,56
761,324,Web,Transfer,219
762,808,Call Center,Transfer,197
763,1251,App,Transfer,15
764,888,Web,Login,301
765,1221,App,Consulta,284
766,480,App,Login,162
767,282,Call Center,Transfer,66
768,1374,Web,Login,351
769,945,Web,Consulta,128
770,63,Web,Consulta,480
771,285,Call Center,Transfer,440
772,1137,Web,Login,73
773,605,App,Transfer,296
774,1499,Web,Consulta,15
775,552,Web,Transfer,194
776,631,Call Center,Login,104
777,1226,App,Transfer,412
778,9,Call Center,Transfer,76
779,438,Call Center,Login,158
780,938,Web,Transfer,40
781,914,Web,Login,476
782,247,App,Login,345
783,983,Call Center,Consulta,375
784,1272,App,Consulta,338
785,127,App,Login,181
786,238,Call Center,Transfer,183
787,782,Web,Login,134
788,854,Call Center,Transfer,13
789,1443,Web,Login,307
790,579,Web,Consulta,330
791,1457,Call Center,Login,309
792,94,Web,Transfer,201
793,1074,App,Consulta,374
794,1082,Call Center,Login,95
795,1325,App,Consulta,115
796,238,Call Center,Transfer,420
797,1348,Call Center,Login,459
798,1300,Call Center,Transfer,89
799,916,Call Center,Transfer,363
800,522,Call Center,Consulta,370
801,471,Call Center,Consulta,50
802,225,Call Center,Transfer,152
803,236,Call Center,Consulta,136
804,102,App,Transfer,62
805,1255,Web,Consulta,365
806,1431,Call Center,Consulta,460
807,1247,Web,Consulta,152
808,595,Call Center,Login,425
809,1315,Call Center,Consulta,267
810,1399,Call Center,Consulta,308
811,1075,Web,Login,295
812,752,App,Login,267
813,1290,App,Transfer,421
814,518,Call Center,Consulta,147
815,1055,Call Center,Transfer,399
816,350,App,Consulta,169
817,403,Web,Transfer,297
818,935,App,Login,111
819,1231,Call Center,Transfer,249
820,177,Call Center,Login,247
821,810,Call Center,Consulta,228
822,570,Web,Login,347
823,69,App,Login,97
824,525,Web,Login,329
825,337,App,Consulta,44
826,555,App,Login,51
827,928,Web,Consulta,392
828,1115,App,Login,286
829,427,Call Center,Login,353
830,42,App,Transfer,207
831,1187,Web,Transfer,298
832,497,Web,Login,230
833,863,Web,Login,165
834,1060,Call Center,Transfer,153
835,229,Call Center,Login,28
836,316,Web,Transfer,453
837,497,Call Center,Login,243
838,890,Web,Consulta,163
839,1278,App,Login,374
840,241,App,Login,26
841,1250,Web,Consulta,71
842,296,Web,Transfer,239
843,1222,App,Consulta,163
844,239,Web,Consulta,207
845,1014,App,Login,10
846,1113,App,Consulta,257
847,189,Web,Login,446
848,684,App,Login,395
849,303,Call Center,Transfer,427
850,1299,Call Center,Login,478
851,182,Web,Login,450
852,952,Web,Consulta,197
853,1196,Web,Login,395
854,243,App,Login,110
855,606,Call Center,Consulta,162
856,1307,App,Transfer,126
857,1324,Call Center,Transfer,399
858,1035,Call Center,Consulta,178
859,1154,App,Transfer,53
860,471,Call Center,Transfer,436
861,105,App,Consulta,95
862,625,App,Login,416
863,526,Web,Transfer,225
864,974,Call Center,Transfer,15
865,71,Web,Login,318
866,1341,Web,Transfer,320
867,1480,Web,Login,363
868,794,App,Transfer,44
869,137,Web,Consulta,469
870,23,App,Transfer,267
871,37,App,Login,130
872,630,App,Login,186
873,794,Web,Login,281
874,69,App,Transfer,396
875,393,Web,Login,252
876,61,Web,Consulta,448
877,200,Call Center,Login,329
878,605,Web,Login,110
879,424,Call Center,Transfer,406
880,41,Call Center,Consulta,346
881,668,Web,Consulta,363
882,870,Web,Consulta,36
883,1219,App,Login,129
884,212,Web,Consulta,81
885,1295,Call Center,Transfer,278
886,1376,Web,Consulta,75
887,714,Web,Transfer,417
888,1385,Web,Login,109
889,478,App,Consulta,31
890,33,Web,Consulta,437
891,871,App,Consulta,462
892,1269,App,Transfer,221
893,624,Web,Consulta,403
894,280,Web,Consulta,148
895,786,App,Consulta,54
896,271,Call Center,Consulta,251
897,282,Call Center,Consulta,280
898,693,App,Transfer,381
899,959,Call Center,Login,408
900,1372,App,Transfer,22
901,388,App,Transfer,423
902,902,App,Transfer,90
903,1090,App,Transfer,130
904,365,Call Center,Consulta,271
905,892,Web,Login,394
906,364,Call Center,Transfer,334
907,666,Call Center,Consulta,397
908,962,Call Center,Transfer,182
909,794,App,Login,174
910,1325,Web,Consulta,480
911,902,Call Center,Consulta,96
912,1452,App,Login,108
913,237,Call Center,Consulta,364
914,38,Call Center,Consulta,199
915,326,App,Consulta,260
916,1029,App,Login,210
917,1141,Web,Transfer,309
918,1456,Call Center,Login,60
919,754,Web,Login,256
920,1056,Call Center,Transfer,269
921,234,Call Center,Consulta,122
922,1033,Web,Login,453
923,381,Web,Login,184
924,133,Web,Transfer,357
925,164,Call Center,Login,194
926,1314,Web,Login,121
927,614,Web,Login,383
928,114,App,Transfer,117
929,1096,Web,Consulta,402
930,1477,App,Login,445
931,801,Call Center,Transfer,364
932,264,App,Transfer,468
933,427,Call Center,Consulta,227
934,1362,Call Center,Transfer,179
935,264,App,Consulta,189
936,918,Call Center,Login,426
937,225,Call Center,Login,11
938,28,App,Transfer,127
939,723,Web,Transfer,444
940,644,Web,Transfer,307
941,1219,App,Transfer,159
942,1154,App,Transfer,365
943,625,Web,Transfer,309
944,827,Web,Transfer,225
945,383,App,Transfer,221
946,451,Call Center,Transfer,239
947,838,App,Login,171
948,575,App,Login,335
949,424,Call Center,Login,72
950,695,Call Center,Login,287
951,177,App,Consulta,358
952,1067,Call Center,Transfer,411
953,834,App,Login,215
954,1283,Web,Login,390
955,299,App,Login,374
956,421,Web,Transfer,325
957,594,Call Center,Transfer,192
958,568,App,Consulta,442
959,12,Web,Transfer,100
960,1454,Web,Login,202
961,803,Web,Consulta,471
962,1411,Web,Consulta,440
963,112,Web,Consulta,286
964,1237,Call Center,Transfer,130
965,1050,Web,Login,459
966,1403,App,Transfer,217
967,344,App,Login,454
968,1367,Call Center,Transfer,441
969,63,Web,Transfer,163
970,199,Web,Transfer,130
971,1325,Web,Consulta,399
972,1349,App,Transfer,256
973,440,Call Center,Consulta,368
974,932,App,Consulta,193
975,409,App,Login,201
976,1039,Web,Login,327
977,511,App,Login,315
978,1038,Web,Consulta,10
979,1131,Call Center,Transfer,412
980,501,Call Center,Login,377
981,1006,App,Login,432
982,761,App,Consulta,105
983,1006,Call Center,Consulta,378
984,67,Web,Consulta,289
985,1340,App,Consulta,340
986,777,Call Center,Transfer,54
987,1354,App,Consulta,139
988,534,Call Center,Login,216
989,1335,Web,Transfer,300
990,618,Web,Login,240
991,317,Web,Login,174
992,401,Call Center,Login,392
993,975,Web,Transfer,93
994,311,App,Consulta,241
995,1251,App,Login,210
996,1087,Web,Consulta,130
997,1049,Web,Consulta,373
998,782,App,Consulta,400
999,226,Web,Consulta,60
1000,1032,App,Consulta,71
1001,218,App,Consulta,13
1002,1162,App,Transfer,261
1003,616,Web,Login,274
1004,206,Web,Transfer,268
1005,1353,Web,Transfer,184
1006,612,Web,Login,150
1007,981,Call Center,Transfer,315
1008,571,App,Transfer,141
1009,1414,App,Login,454
1010,1137,Call Center,Consulta,480
1011,517,Call Center,Consulta,465
1012,744,Call Center,Transfer,54
1013,543,App,Login,105
1014,1287,Call Center,Consulta,119
1015,162,Call Center,Transfer,340
1016,1309,Web,Login,427
1017,168,Web,Consulta,320
1018,132,App,Consulta,46
1019,668,Web,Consulta,60
1020,697,App,Login,418
1021,1067,Call Center,Consulta,323
1022,401,Call Center,Transfer,264
1023,672,App,Consulta,157
1024,1178,Web,Consulta,97
1025,1168,Call Center,Login,354
1026,27,Web,Login,403
1027,1250,App,Login,346
1028,1015,App,Login,396
1029,1295,Web,Login,6
1030,1149,App,Consulta,432
1031,1274,Web,Login,37
1032,626,App,Transfer,393
1033,1064,Call Center,Transfer,232
1034,573,App,Login,231
1035,330,App,Login,449
1036,377,Web,Transfer,219
1037,406,Call Center,Transfer,291
1038,240,App,Login,421
1039,1179,Call Center,Login,313
1040,517,App,Login,68
1041,380,Web,Consulta,221
1042,1451,App,Consulta,218
1043,201,Web,Transfer,265
1044,1362,Web,Transfer,88
1045,675,App,Transfer,254
1046,325,Call Center,Consulta,125
1047,173,Call Center,Login,102
1048,270,Call Center,Consulta,14
1049,697,Web,Consulta,281
1050,1416,Web,Transfer,475
1051,577,App,Consulta,393
1052,425,Web,Login,306
1053,319,App,Transfer,465
1054,1493,App,Login,88
1055,1490,Web,Consulta,167
1056,351,Call Center,Login,265
1057,1055,Web,Consulta,76
1058,129,App,Consulta,128
1059,1076,Call Center,Consulta,27
1060,1345,App,Transfer,53
1061,1055,Web,Consulta,476
1062,1357,App,Login,188
1063,113,App,Consulta,385
1064,233,App,Consulta,432
1065,1290,Web,Consulta,465
1066,1120,Web,Consulta,142
1067,1229,Call Center,Transfer,88
1068,960,Call Center,Consulta,12
1069,1052,App,Login,429
1070,1216,Web,Consulta,423
1071,559,Call Center,Transfer,16
1072,1497,Call Center,Transfer,214
1073,1369,Call Center,Transfer,70
1074,1331,Call Center,Consulta,331
1075,174,App,Login,314
1076,1351,App,Consulta,240
1077,1436,Web,Transfer,480
1078,1156,Web,Transfer,223
1079,1426,App,Login,364
1080,722,App,Consulta,463
1081,137,Call Center,Login,314
1082,561,Call Center,Consulta,51
1083,607,Call Center,Consulta,185
1084,1362,App,Consulta,219
1085,322,Web,Login,38
1086,732,App,Login,380
1087,309,Web,Login,322
1088,14,Web,Consulta,83
1089,212,App,Transfer,232
1090,748,Call Center,Consulta,41
1091,930,Web,Consulta,375
1092,414,Web,Login,480
1093,1013,App,Consulta,301
1094,484,Web,Transfer,448
1095,467,App,Login,299
1096,1455,Web,Transfer,443
1097,535,App,Transfer,268
1098,279,App,Consulta,91
1099,1491,Web,Transfer,122
1100,69,App,Transfer,377
1101,373,App,Transfer,295
1102,345,App,Transfer,25
1103,794,App,Login,153
1104,1199,App,Transfer,380
1105,40,Web,Login,382
1106,355,Web,Transfer,6
1107,1407,App,Login,40
1108,865,Call Center,Transfer,361
1109,84,Web,Login,217
1110,588,App,Login,360
1111,1129,App,Consulta,211
1112,308,Call Center,Consulta,323
1113,260,Call Center,Consulta,243
1114,646,Call Center,Consulta,36
1115,729,App,Consulta,202
1116,396,App,Login,272
1117,174,Web,Transfer,228
1118,1420,Call Center,Consulta,65
1119,466,Web,Login,71
1120,130,App,Consulta,149
1121,1402,Call Center,Consulta,20
1122,157,App,Transfer,224
1123,355,Call Center,Login,208
1124,895,Web,Transfer,463
1125,77,App,Login,389
1126,279,App,Consulta,469
1127,64,App,Transfer,129
1128,271,Web,Login,342
1129,491,Call Center,Transfer,347
1130,315,Web,Login,56
1131,410,Web,Transfer,143
1132,504,Call Center,Transfer,281
1133,468,Web,Transfer,207
1134,225,Web,Login,419
1135,76,Call Center,Consulta,476
1136,1145,Web,Transfer,33
1137,176,App,Transfer,245
1138,1343,Web,Transfer,204
1139,1045,App,Transfer,222
1140,506,Web,Login,297
1141,1078,App,Transfer,15
1142,293,Web,Consulta,278
1143,1178,App,Transfer,71
1144,404,Web,Transfer,68
1145,1242,Call Center,Transfer,12
1146,759,Call Center,Transfer,174
1147,692,App,Login,190
1148,1396,Call Center,Transfer,426
1149,558,Web,Consulta,306
1150,1148,Call Center,Consulta,453
1151,606,Web,Login,10
1152,336,App,Consulta,345
1153,72,App,Transfer,34
1154,964,Call Center,Transfer,329
1155,664,Web,Login,140
1156,1459,Web,Consulta,13
1157,981,Call Center,Consulta,156
1158,516,App,Login,335
1159,863,Call Center,Transfer,400
1160,490,App,Consulta,9
1161,1144,App,Transfer,89
1162,884,App,Login,173
1163,1100,Web,Transfer,352
1164,567,Web,Consulta,65
1165,396,Web,Transfer,389
1166,376,Call Center,Login,352
1167,1444,App,Transfer,156
1168,997,Web,Login,356
1169,915,Call Center,Transfer,42
1170,1093,App,Transfer,437
1171,37,Web,Transfer,364
1172,547,App,Login,54
1173,563,App,Transfer,23
1174,1335,App,Consulta,223
1175,1055,Call Center,Transfer,179
1176,819,App,Login,241
1177,869,Web,Login,399
1178,522,Call Center,Transfer,199
1179,241,Web,Consulta,197
1180,1227,App,Consulta,312
1181,213,Call Center,Consulta,180
1182,1031,Call Center,Transfer,397
1183,753,Call Center,Login,460
1184,902,Web,Transfer,333
1185,210,Call Center,Login,407
1186,352,App,Login,266
1187,296,App,Consulta,24
1188,1198,Call Center,Login,415
1189,1030,Call Center,Consulta,91
1190,1389,Web,Transfer,75
1191,1363,Call Center,Transfer,322
1192,496,Web,Consulta,410
1193,138,Call Center,Consulta,366
1194,205,App,Login,307
1195,300,App,Login,11
1196,692,App,Login,50
1197,1447,App,Transfer,27
1198,546,App,Consulta,315
1199,472,App,Login,108
1200,362,App,Transfer,432
1201,1346,Web,Transfer,299
1202,1474,App,Transfer,63
1203,1246,App,Consulta,38
1204,1010,App,Login,100
1205,1458,App,Transfer,413
1206,878,Call Center,Consulta,288
1207,841,App,Login,221
1208,1084,App,Consulta,240
1209,1246,Call Center,Transfer,356
1210,1434,Call Center,Consulta,112
1211,1178,App,Consulta,435
1212,656,Call Center,Consulta,268
1213,199,Call Center,Login,401
1214,465,Call Center,Consulta,88
1215,445,Call Center,Login,223
1216,878,Web,Consulta,472
1217,1028,App,Consulta,343
1218,596,Web,Login,224
1219,7,App,Login,16
1220,701,Call Center,Login,46
1221,422,Call Center,Login,447
1222,1387,Call Center,Transfer,86
1223,1334,Web,Transfer,254
1224,789,App,Login,121
1225,602,Web,Login,370
1226,697,Web,Login,72
1227,1289,Web,Login,406
1228,1207,Web,Login,142
1229,676,Call Center,Consulta,408
1230,1067,Call Center,Consulta,184
1231,129,Web,Consulta,85
1232,1491,Call Center,Login,352
1233,1413,App,Transfer,152
1234,1495,App,Login,275
1235,1191,Web,Transfer,338
1236,35,Web,Consulta,373
1237,866,Web,Consulta,263
1238,151,App,Consulta,270
1239,393,Call Center,Transfer,11
1240,1478,App,Transfer,296
1241,179,Web,Consulta,84
1242,515,Call Center,Transfer,200
1243,742,App,Transfer,304
1244,818,Call Center,Transfer,415
1245,516,App,Login,168
1246,1374,Call Center,Consulta,316
1247,29,Call Center,Transfer,79
1248,105,Web,Login,353
1249,1271,Web,Consulta,253
1250,238,Call Center,Transfer,295
1251,1169,Web,Transfer,357
1252,420,App,Login,40
1253,648,Web,Consulta,9
1254,987,Web,Consulta,236
1255,145,Call Center,Transfer,214
1256,225,App,Transfer,331
1257,808,Web,Consulta,236
1258,898,App,Transfer,148
1259,1293,Call Center,Transfer,475
1260,1249,Call Center,Login,252
1261,1194,Call Center,Transfer,153
1262,413,App,Consulta,324
1263,414,App,Login,64
1264,1441,App,Login,442
1265,583,App,Consulta,279
1266,379,Web,Login,400
1267,136,Web,Consulta,277
1268,182,App,Transfer,148
1269,645,App,Consulta,103
1270,334,App,Consulta,213
1271,1475,Call Center,Transfer,337
1272,1462,App,Login,353
1273,962,Call Center,Login,183
1274,595,App,Login,301
1275,436,Web,Login,262
1276,438,Call Center,Login,260
1277,86,Web,Consulta,431
1278,1454,Call Center,Transfer,361
1279,1275,Call Center,Consulta,464
1280,309,Call Center,Consulta,97
1281,465,Call Center,Consulta,435
1282,526,Web,Consulta,79
1283,738,App,Consulta,446
1284,956,App,Consulta,24
1285,801,Call Center,Consulta,172
1286,846,Call Center,Login,421
1287,540,App,Consulta,74
1288,1148,Web,Transfer,281
1289,331,App,Transfer,424
1290,503,App,Consulta,354
1291,202,App,Consulta,149
1292,927,Web,Login,52
1293,374,App,Consulta,199
1294,723,Call Center,Transfer,378
1295,505,Web,Consulta,346
1296,974,Web,Consulta,160
1297,1039,Web,Transfer,284
1298,651,App,Login,183
1299,337,Call Center,Transfer,344
1300,867,Web,Consulta,304
1301,96,Web,Transfer,292
1302,471,App,Consulta,423
1303,435,Call Center,Transfer,258
1304,408,Call Center,Login,381
1305,137,App,Transfer,298
1306,46,App,Consulta,40
1307,8,App,Consulta,342
1308,1277,Web,Transfer,359
1309,428,Web,Transfer,169
1310,1367,Web,Consulta,175
1311,135,Web,Consulta,183
1312,1439,Web,Consulta,299
1313,260,Call Center,Transfer,314
1314,386,App,Login,17
1315,1038,App,Consulta,380
1316,1436,Web,Login,259
1317,1400,Web,Transfer,209
1318,1266,App,Transfer,207
1319,454,Web,Transfer,200
1320,1218,Web,Login,401
1321,960,App,Consulta,252
1322,1156,Call Center,Transfer,335
1323,190,App,Login,169
1324,898,Web,Transfer,430
1325,414,App,Login,117
1326,996,Web,Consulta,78
1327,623,Call Center,Transfer,381
1328,220,App,Login,63
1329,359,Web,Login,348
1330,33,Web,Transfer,196
1331,667,Web,Login,387
1332,108,Web,Login,234
1333,1274,Web,Login,164
1334,847,Web,Consulta,22
1335,179,App,Login,398
1336,172,Web,Consulta,267
1337,733,Call Center,Transfer,428
1338,992,Call Center,Consulta,233
1339,524,Call Center,Login,437
1340,643,Web,Transfer,355
1341,759,Call Center,Consulta,468
1342,564,App,Transfer,478
1343,989,Web,Consulta,170
1344,1373,App,Transfer,454
1345,389,Call Center,Transfer,405
1346,1067,Web,Transfer,89
1347,815,Call Center,Login,418
1348,1214,Web,Consulta,260
1349,815,Web,Consulta,387
1350,1041,Web,Consulta,266
1351,810,Call Center,Transfer,220
1352,1432,Web,Login,296
1353,756,Web,Transfer,271
1354,1033,Web,Consulta,417
1355,605,Call Center,Transfer,11
1356,273,Web,Login,301
1357,1049,Call Center,Login,243
1358,434,Call Center,Consulta,293
1359,211,Web,Transfer,251
1360,1218,App,Transfer,431
1361,1443,App,Transfer,288
1362,214,App,Login,195
1363,711,Call Center,Transfer,257
1364,604,Call Center,Login,113
1365,1120,Web,Transfer,356
1366,873,Web,Transfer,89
1367,1053,Web,Transfer,133
1368,805,App,Login,470
1369,1306,Web,Transfer,220
1370,1228,Call Center,Transfer,203
1371,34,Call Center,Login,222
1372,1396,Call Center,Consulta,139
1373,1012,Web,Transfer,60
1374,891,App,Login,55
1375,422,Web,Transfer,8
1376,1435,App,Consulta,369
1377,547,Web,Login,372
1378,108,Call Center,Consulta,370
1379,582,Call Center,Login,85
1380,1056,Web,Login,96
1381,435,Call Center,Consulta,345
1382,444,Call Center,Login,168
1383,1178,Call Center,Consulta,233
1384,1214,Call Center,Transfer,153
1385,1090,Web,Transfer,31
1386,1457,App,Transfer,259
1387,291,Web,Login,83
1388,296,Call Center,Transfer,14
1389,765,Web,Login,380
1390,154,Web,Transfer,104
1391,176,Call Center,Consulta,14
1392,11,Call Center,Login,437
1393,1331,Call Center,Transfer,215
1394,383,App,Transfer,425
1395,214,App,Transfer,366
1396,667,Call Center,Consulta,189
1397,127,App,Consulta,283
1398,972,Web,Consulta,287
1399,1001,Call Center,Login,255
1400,144,Call Center,Login,268
1401,822,Call Center,Transfer,357
1402,751,Web,Login,60
1403,110,App,Consulta,326
1404,195,App,Consulta,377
1405,581,Web,Login,476
1406,699,App,Consulta,423
1407,717,Web,Transfer,183
1408,301,App,Transfer,413
1409,492,App,Consulta,168
1410,1121,Call Center,Consulta,118
1411,30,App,Login,294
1412,52,Web,Consulta,291
1413,1050,App,Login,316
1414,1172,Call Center,Transfer,256
1415,1222,Call Center,Login,163
1416,224,App,Consulta,43
1417,807,App,Transfer,456
1418,130,Web,Login,42
1419,484,Call Center,Login,409
1420,97,Web,Transfer,235
1421,512,Web,Login,177
1422,776,App,Login,176
1423,611,Web,Consulta,324
1424,1253,Web,Transfer,127
1425,417,App,Login,106
1426,1365,App,Transfer,394
1427,943,Call Center,Transfer,264
1428,268,App,Login,73
1429,1049,App,Consulta,208
1430,1061,Call Center,Consulta,361
1431,654,Call Center,Login,395
1432,260,Call Center,Login,464
1433,53,Web,Login,375
1434,874,Web,Consulta,259
1435,1416,Web,Consulta,418
1436,679,Call Center,Login,206
1437,793,Call Center,Login,29
1438,124,App,Login,372
1439,571,App,Login,92
1440,608,App,Transfer,77
1441,1181,Web,Consulta,248
1442,1112,App,Transfer,478
1443,1330,App,Login,281
1444,659,Call Center,Consulta,403
1445,871,Call Center,Consulta,99
1446,325,Web,Login,258
1447,487,Call Center,Transfer,382
1448,134,App,Login,352
1449,939,Call Center,Transfer,84
1450,1339,Call Center,Login,94
1451,459,Call Center,Login,469
1452,892,Call Center,Login,285
1453,674,App,Login,121
1454,9,Web,Consulta,264
1455,311,Call Center,Consulta,133
1456,530,App,Consulta,93
1457,1410,Web,Consulta,235
1458,1267,Web,Consulta,158
1459,787,Web,Login,5
1460,28,Web,Transfer,208
1461,642,Call Center,Login,426
1462,1013,App,Consulta,473
1463,1192,Web,Transfer,353
1464,466,Web,Consulta,329
1465,678,Call Center,Login,22
1466,481,App,Transfer,282
1467,488,App,Consulta,378
1468,599,Call Center,Consulta,132
1469,1393,Call Center,Consulta,140
1470,1263,Web,Transfer,259
1471,1090,Call Center,Transfer,466
1472,1081,Web,Consulta,336
1473,851,App,Login,337
1474,947,Call Center,Consulta,290
1475,1013,Call Center,Transfer,353
1476,393,App,Login,151
1477,1311,Call Center,Transfer,309
1478,1317,App,Consulta,25
1479,1100,Call Center,Consulta,343
1480,550,Call Center,Transfer,427
1481,1066,Call Center,Login,433
1482,1059,App,Login,365
1483,577,Web,Consulta,173
1484,1296,Web,Login,119
1485,386,App,Consulta,122
1486,333,Call Center,Transfer,452
1487,1311,App,Login,388
1488,142,Call Center,Login,323
1489,648,Web,Transfer,101
1490,17,App,Transfer,406
1491,952,Call Center,Transfer,173
1492,539,App,Consulta,159
1493,1257,Web,Consulta,394
1494,649,Call Center,Consulta,321
1495,455,Call Center,Transfer,200
1496,112,Call Center,Consulta,424
1497,1123,Call Center,Transfer,323
1498,974,Web,Transfer,365
1499,970,Web,Consulta,224
1500,639,App,Login,346
1501,940,Call Center,Transfer,66
1502,1422,Call Center,Login,61
1503,1263,App,Login,309
1504,1096,App,Transfer,119
1505,976,App,Transfer,185
1506,440,Call Center,Transfer,453
1507,595,Web,Login,431
1508,1461,Web,Consulta,416
1509,955,App,Consulta,173
1510,1111,App,Transfer,284
1511,137,App,Consulta,365
1512,746,Web,Login,468
1513,716,App,Login,172
1514,1255,App,Login,92
1515,1112,App,Login,43
1516,227,Web,Transfer,173
1517,570,Call Center,Transfer,359
1518,15,Call Center,Consulta,19
1519,11,App,Login,223
1520,543,Web,Consulta,26
1521,1033,Web,Login,10
1522,1488,Web,Consulta,48
1523,1306,App,Consulta,284
1524,433,Web,Consulta,80
1525,160,Web,Transfer,465
1526,149,Call Center,Login,262
1527,367,App,Transfer,412
1528,1457,App,Transfer,331
1529,1223,Web,Transfer,281
1530,536,Web,Consulta,228
1531,94,Call Center,Login,419
1532,381,Call Center,Consulta,166
1533,700,Web,Login,230
1534,646,Web,Transfer,386
1535,1440,Call Center,Transfer,150
1536,321,App,Transfer,468
1537,1235,Call Center,Login,149
1538,979,Call Center,Transfer,378
1539,145,Call Center,Consulta,399
1540,528,Call Center,Login,59
1541,772,Call Center,Consulta,469
1542,769,App,Transfer,105
1543,899,Call Center,Transfer,321
1544,536,Web,Login,293
1545,534,App,Login,267
1546,781,App,Transfer,23
1547,105,App,Consulta,479
1548,112,Call Center,Transfer,26
1549,1381,App,Transfer,422
1550,30,App,Login,281
1551,1002,Call Center,Transfer,132
1552,1313,App,Consulta,328
1553,23,Web,Transfer,435
1554,856,Web,Consulta,122
1555,272,Call Center,Transfer,179
1556,993,Call Center,Transfer,173
1557,701,App,Transfer,113
1558,593,App,Transfer,207
1559,353,Web,Login,313
1560,529,Call Center,Consulta,199
1561,856,Web,Consulta,69
1562,983,App,Login,80
1563,116,Web,Login,381
1564,861,Web,Transfer,407
1565,210,App,Login,100
1566,1373,Web,Login,68
1567,665,Call Center,Login,246
1568,867,Web,Login,96
1569,1093,App,Transfer,440
1570,982,Call Center,Login,346
1571,911,Web,Transfer,155
1572,1233,App,Transfer,49
1573,717,Web,Login,175
1574,473,App,Consulta,196
1575,1445,App,Transfer,310
1576,1055,App,Transfer,101
1577,1281,App,Transfer,274
1578,355,App,Consulta,53
1579,660,Call Center,Login,156
1580,668,Call Center,Login,126
1581,707,Call Center,Consulta,477
1582,1174,Web,Transfer,97
1583,1235,Call Center,Login,373
1584,598,App,Login,434
1585,943,Web,Consulta,139
1586,450,Call Center,Consulta,309
1587,1155,Call Center,Transfer,266
1588,861,Call Center,Consulta,239
1589,1069,Call Center,Login,405
1590,445,App,Consulta,291
1591,204,App,Login,201
1592,65,App,Transfer,82
1593,1288,Call Center,Login,265
1594,160,Call Center,Transfer,329
1595,941,Web,Login,288
1596,875,Web,Login,266
1597,1181,Web,Consulta,164
1598,906,Call Center,Consulta,432
1599,1276,Call Center,Login,466
1600,254,App,Login,15
1601,449,Web,Login,92
1602,736,App,Transfer,324
1603,745,Call Center,Transfer,29
1604,1296,Call Center,Login,104
1605,526,Web,Consulta,155
1606,823,Web,Login,74
1607,97,App,Consulta,154
1608,1020,Web,Consulta,93
1609,15,Call Center,Login,96
1610,552,Call Center,Consulta,104
1611,1085,App,Consulta,161
1612,73,Web,Consulta,472
1613,1064,Web,Consulta,82
1614,1384,Call Center,Transfer,314
1615,1140,Call Center,Consulta,156
1616,203,Call Center,Transfer,197
1617,709,Call Center,Login,60
1618,1396,Call Center,Consulta,50
1619,605,App,Transfer,288
1620,293,Web,Transfer,315
1621,118,App,Consulta,356
1622,589,App,Login,143
1623,512,App,Consulta,192
1624,123,Call Center,Consulta,241
1625,570,Web,Transfer,271
1626,793,Web,Transfer,187
1627,508,Call Center,Consulta,46
1628,208,Web,Transfer,144
1629,1108,App,Consulta,376
1630,1494,Web,Transfer,473
1631,1452,App,Transfer,85
1632,835,Call Center,Login,51
1633,322,App,Consulta,363
1634,736,Web,Login,156
1635,1334,App,Consulta,455
1636,811,Call Center,Transfer,463
1637,823,Web,Login,337
1638,1068,Call Center,Login,120
1639,216,App,Consulta,427
1640,863,Web,Login,422
1641,507,Call Center,Consulta,405
1642,415,Call Center,Consulta,112
1643,862,Call Center,Transfer,318
1644,55,Call Center,Login,235
1645,1123,App,Login,44
1646,1019,App,Consulta,168
1647,1193,Call Center,Transfer,219
1648,570,Call Center,Transfer,236
1649,1013,Web,Login,38
1650,419,Call Center,Login,93
1651,563,Web,Transfer,235
1652,493,App,Login,147
1653,1482,App,Login,444
1654,596,App,Login,257
1655,1270,Web,Consulta,24
1656,823,Call Center,Login,438
1657,841,Web,Transfer,164
1658,1378,App,Consulta,249
1659,718,Web,Login,84
1660,364,App,Consulta,446
1661,637,App,Login,12
1662,725,App,Login,424
1663,1057,App,Consulta,183
1664,1175,Web,Transfer,53
1665,1433,Web,Login,294
1666,883,Call Center,Transfer,433
1667,1089,Call Center,Consulta,417
1668,1277,Web,Consulta,172
1669,735,Call Center,Login,345
1670,823,App,Consulta,224
1671,1276,App,Transfer,351
1672,416,Web,Login,254
1673,1476,Call Center,Login,411
1674,972,App,Consulta,87
1675,1210,App,Consulta,304
1676,1019,App,Consulta,450
1677,627,Web,Consulta,9
1678,886,Call Center,Consulta,198
1679,773,Web,Transfer,28
1680,3,Web,Transfer,417
1681,1147,App,Consulta,159
1682,1010,Call Center,Transfer,325
1683,932,Call Center,Transfer,245
1684,293,App,Login,129
1685,219,Web,Consulta,316
1686,581,Call Center,Login,327
1687,265,Call Center,Consulta,56
1688,1347,App,Login,205
1689,100,Web,Consulta,207
1690,535,Web,Login,457
1691,452,Web,Consulta,15
1692,245,Web,Transfer,7
1693,353,Call Center,Transfer,226
1694,249,Call Center,Login,314
1695,1424,Call Center,Transfer,356
1696,417,Web,Login,141
1697,591,Call Center,Consulta,38
1698,690,Web,Consulta,53
1699,518,App,Consulta,245
1700,440,Web,Login,280
1701,1121,Call Center,Login,274
1702,1021,Web,Transfer,69
1703,802,App,Login,288
1704,1352,Call Center,Transfer,264
1705,964,Call Center,Consulta,18
1706,150,Web,Transfer,300
1707,1081,App,Login,133
1708,1279,App,Login,321
1709,957,App,Consulta,377
1710,914,Call Center,Login,14
1711,928,Call Center,Login,60
1712,349,Call Center,Transfer,166
1713,560,App,Transfer,316
1714,622,Call Center,Transfer,191
1715,1053,App,Transfer,92
1716,935,Call Center,Transfer,180
1717,630,Call Center,Login,469
1718,233,Web,Login,95
1719,751,App,Consulta,473
1720,49,App,Login,316
1721,136,Call Center,Transfer,368
1722,839,Call Center,Consulta,182
1723,845,Call Center,Login,396
1724,637,Call Center,Login,292
1725,396,Web,Consulta,226
1726,1087,Web,Transfer,252
1727,1004,Call Center,Login,453
1728,1063,Call Center,Login,189
1729,749,Call Center,Transfer,215
1730,414,Call Center,Login,258
1731,1463,Web,Transfer,475
1732,752,App,Transfer,194
1733,787,Call Center,Consulta,30
1734,241,Call Center,Transfer,359
1735,963,Web,Transfer,212
1736,367,Call Center,Consulta,168
1737,428,Web,Transfer,227
1738,643,Call Center,Transfer,55
1739,1069,Call Center,Transfer,83
1740,570,Call Center,Consulta,40
1741,595,Call Center,Consulta,156
1742,541,Call Center,Login,348
1743,1226,App,Transfer,426
1744,339,Call Center,Transfer,471
1745,407,App,Consulta,130
1746,1223,Web,Login,392
1747,121,Web,Consulta,273
1748,1058,Web,Login,104
1749,799,Web,Transfer,361
1750,1347,Web,Login,257
1751,933,Call Center,Consulta,67
1752,1280,Call Center,Login,444
1753,668,Call Center,Consulta,369
1754,1122,Call Center,Login,42
1755,1282,Web,Consulta,423
1756,205,Call Center,Login,83
1757,1493,Call Center,Consulta,27
1758,199,Call Center,Transfer,133
1759,1292,Web,Consulta,454
1760,897,Web,Transfer,366
1761,32,Call Center,Transfer,93
1762,1104,App,Transfer,327
1763,128,Call Center,Transfer,445
1764,802,Web,Transfer,100
1765,399,Call Center,Transfer,436
1766,465,Call Center,Transfer,184
1767,1290,Call Center,Transfer,96
1768,1001,Web,Login,59
1769,60,App,Consulta,359
1770,917,Web,Consulta,193
1771,1065,Web,Login,333
1772,888,App,Transfer,305
1773,1026,App,Consulta,336
1774,794,Web,Transfer,86
1775,1155,Web,Consulta,55
1776,1015,Web,Transfer,467
1777,1342,App,Transfer,115
1778,1282,Web,Transfer,20
1779,109,Call Center,Transfer,428
1780,401,App,Transfer,443
1781,926,App,Consulta,315
1782,1246,Call Center,Transfer,454
1783,1000,Web,Consulta,225
1784,322,Call Center,Consulta,246
1785,863,App,Login,227
1786,1259,App,Consulta,192
1787,1412,Call Center,Consulta,195
1788,168,Call Center,Login,26
1789,838,Call Center,Login,285
1790,751,Web,Consulta,240
1791,398,App,Login,214
1792,1445,App,Login,457
1793,1116,App,Transfer,196
1794,89,Call Center,Login,110
1795,1138,App,Login,257
1796,1364,Call Center,Transfer,149
1797,826,Web,Consulta,12
1798,1295,App,Login,221
1799,756,Call Center,Login,333
1800,512,Call Center,Login,400
1801,1317,Web,Consulta,342
1802,549,Call Center,Consulta,377
1803,1133,Call Center,Transfer,91
1804,144,Web,Consulta,86
1805,327,App,Consulta,480
1806,299,App,Login,269
1807,354,Call Center,Consulta,264
1808,121,App,Login,344
1809,1236,Web,Login,33
1810,25,Web,Login,147
1811,757,Web,Login,268
1812,1404,Web,Transfer,358
1813,1067,Web,Login,233
1814,771,App,Login,195
1815,285,Web,Login,425
1816,830,App,Transfer,56
1817,744,Call Center,Transfer,295
1818,709,Call Center,Login,79
1819,1096,Call Center,Login,227
1820,549,Web,Consulta,211
1821,687,Call Center,Login,167
1822,1144,Web,Transfer,477
1823,619,Call Center,Transfer,158
1824,269,App,Consulta,89
1825,460,Call Center,Transfer,186
1826,1307,Web,Login,288
1827,85,Call Center,Login,360
1828,1452,Call Center,Consulta,349
1829,1398,Web,Consulta,358
1830,8,Web,Consulta,470
1831,583,Call Center,Login,477
1832,1453,App,Consulta,431
1833,1432,Web,Login,468
1834,68,Call Center,Consulta,365
1835,259,Call Center,Consulta,204
1836,78,Web,Consulta,357
1837,1374,Web,Login,121
1838,671,App,Transfer,359
1839,431,Call Center,Transfer,230
1840,934,App,Transfer,98
1841,1250,Call Center,Transfer,222
1842,8,Web,Consulta,268
1843,1098,Call Center,Consulta,84
1844,1227,Web,Transfer,211
1845,357,Call Center,Login,73
1846,1183,App,Consulta,463
1847,229,Web,Login,211
1848,89,Web,Transfer,202
1849,218,Web,Transfer,351
1850,138,Call Center,Transfer,394
1851,437,App,Login,455
1852,632,Web,Transfer,255
1853,787,Web,Consulta,191
1854,52,Call Center,Consulta,456
1855,610,Call Center,Login,313
1856,1161,App,Consulta,451
1857,337,Web,Transfer,6
1858,845,Call Center,Transfer,455
1859,523,App,Consulta,280
1860,832,Web,Consulta,333
1861,647,Web,Login,441
1862,127,App,Login,138
1863,97,Web,Login,258
1864,771,Web,Login,243
1865,303,Call Center,Login,198
1866,1307,Web,Consulta,207
1867,643,Call Center,Login,201
1868,1070,Call Center,Consulta,179
1869,302,App,Consulta,404
1870,567,App,Login,175
1871,3,Web,Transfer,327
1872,1295,App,Consulta,258
1873,1075,Web,Transfer,253
1874,427,Web,Login,277
1875,418,Web,Transfer,372
1876,542,Call Center,Login,318
1877,1022,Web,Login,146
1878,728,App,Consulta,55
1879,30,Web,Transfer,433
1880,418,Web,Transfer,228
1881,94,App,Login,15
1882,942,Web,Transfer,185
1883,1232,Call Center,Transfer,13
1884,662,App,Consulta,82
1885,54,Call Center,Transfer,201
1886,1246,Call Center,Transfer,196
1887,621,Call Center,Login,296
1888,101,Call Center,Transfer,135
1889,939,Call Center,Consulta,25
1890,628,App,Login,254
1891,450,Web,Transfer,357
1892,833,Call Center,Consulta,286
1893,628,Web,Consulta,130
1894,587,App,Login,303
1895,499,Web,Transfer,11
1896,30,Call Center,Login,276
1897,546,App,Transfer,40
1898,249,Web,Transfer,164
1899,19,App,Consulta,451
1900,1193,Web,Login,430
1901,1430,Call Center,Consulta,234
1902,464,Call Center,Transfer,112
1903,48,App,Consulta,216
1904,89,App,Transfer,45
1905,623,App,Login,74
1906,837,Call Center,Consulta,245
1907,1169,App,Transfer,280
1908,705,Web,Login,51
1909,1144,Web,Transfer,169
1910,372,Web,Login,217
1911,1031,Call Center,Transfer,439
1912,1222,App,Consulta,82
1913,316,Call Center,Login,69
1914,793,Call Center,Transfer,52
1915,1390,App,Login,427
1916,39,App,Consulta,280
1917,1030,App,Login,440
1918,884,Web,Login,425
1919,393,App,Transfer,239
1920,228,Call Center,Login,159
1921,1133,Web,Login,304
1922,173,Web,Login,352
1923,1126,Call Center,Transfer,238
1924,41,Web,Consulta,267
1925,741,Web,Consulta,362
1926,1478,Web,Login,244
1927,612,Call Center,Login,40
1928,1186,Call Center,Consulta,78
1929,513,Call Center,Transfer,155
1930,629,App,Transfer,316
1931,1117,App,Login,304
1932,104,App,Login,6
1933,796,App,Login,28
1934,434,App,Consulta,101
1935,573,Web,Transfer,251
1936,811,Call Center,Login,139
1937,31,App,Consulta,374
1938,1145,Web,Transfer,169
1939,1051,Call Center,Transfer,288
1940,555,Call Center,Consulta,369
1941,874,App,Transfer,85
1942,682,App,Login,190
1943,1283,Web,Transfer,246
1944,224,App,Transfer,470
1945,968,Web,Consulta,233
1946,1127,Web,Login,156
1947,1001,Web,Login,105
1948,393,App,Login,463
1949,594,Call Center,Transfer,384
1950,124,Call Center,Login,347
1951,571,Call Center,Login,237
1952,1351,App,Login,122
1953,482,App,Login,119
1954,349,Call Center,Transfer,248
1955,595,Web,Transfer,477
1956,62,App,Transfer,54
1957,114,Web,Transfer,241
1958,1036,Call Center,Transfer,345
1959,521,Call Center,Consulta,377
1960,1262,App,Transfer,304
1961,790,Web,Login,207
1962,1335,Call Center,Login,381
1963,1047,Call Center,Transfer,220
1964,757,App,Consulta,183
1965,580,Call Center,Login,360
1966,1244,App,Login,73
1967,74,App,Login,146
1968,874,Web,Consulta,246
1969,1289,Web,Transfer,159
1970,771,Call Center,Transfer,316
1971,219,Call Center,Login,209
1972,1089,Web,Transfer,359
1973,1007,App,Consulta,324
1974,389,Web,Login,128
1975,592,App,Consulta,107
1976,107,Call Center,Consulta,466
1977,853,App,Login,396
1978,1026,Web,Transfer,86
1979,643,App,Consulta,327
1980,1213,Call Center,Login,306
1981,1422,App,Transfer,184
1982,645,Web,Transfer,172
1983,171,App,Login,155
1984,1144,Call Center,Transfer,472
1985,217,Web,Consulta,313
1986,929,Web,Login,336
1987,238,Web,Consulta,26
1988,18,Web,Login,468
1989,1286,App,Login,469
1990,1079,App,Transfer,461
1991,237,Web,Transfer,334
1992,1117,Call Center,Login,101
1993,397,Call Center,Transfer,376
1994,104,Web,Transfer,301
1995,1449,App,Login,474
1996,947,Web,Consulta,261
1997,16,Call Center,Login,98
1998,1347,App,Login,384
1999,275,App,Login,181
2000,1417,Call Center,Transfer,385
2001,751,Call Center,Transfer,401
2002,56,App,Login,168
2003,1074,Web,Login,308
2004,733,Call Center,Transfer,207
2005,979,Web,Login,350
2006,1361,App,Transfer,103
2007,643,Web,Transfer,312
2008,1078,Call Center,Transfer,277
2009,1334,Call Center,Login,94
2010,1271,Web,Consulta,233
2011,954,App,Login,201
2012,338,Call Center,Login,254
2013,1123,Web,Transfer,169
2014,67,Web,Consulta,192
2015,319,App,Consulta,229
2016,47,Call Center,Login,386
2017,537,Call Center,Transfer,291
2018,1109,Call Center,Transfer,48
2019,1199,Call Center,Login,252
2020,811,Web,Login,150
2021,1243,Web,Transfer,196
2022,519,Web,Login,75
2023,1124,Web,Login,444
2024,455,Web,Consulta,445
2025,1184,App,Transfer,472
2026,93,Call Center,Login,391
2027,844,App,Transfer,341
2028,1379,App,Login,232
2029,1128,Call Center,Transfer,26
2030,140,App,Transfer,388
2031,427,App,Login,437
2032,784,App,Login,225
2033,625,App,Consulta,119
2034,1110,App,Consulta,53
2035,135,Call Center,Transfer,238
2036,1035,App,Consulta,480
2037,7,App,Transfer,474
2038,133,Call Center,Transfer,77
2039,1254,App,Consulta,281
2040,225,Web,Consulta,202
2041,590,Call Center,Consulta,306
2042,652,Web,Consulta,213
2043,647,Web,Login,18
2044,1219,Call Center,Consulta,339
2045,1366,Web,Transfer,428
2046,1017,Web,Login,154
2047,15,Web,Login,174
2048,65,App,Login,158
2049,137,Call Center,Login,365
2050,1225,Web,Consulta,354
2051,1149,Web,Consulta,7
2052,998,App,Transfer,465
2053,1243,App,Consulta,278
2054,183,Call Center,Login,51
2055,276,App,Consulta,27
2056,149,Web,Login,96
2057,416,App,Consulta,244
2058,1345,App,Consulta,430
2059,1339,Web,Transfer,294
2060,182,App,Consulta,95
2061,137,Call Center,Consulta,409
2062,1367,Web,Login,299
2063,1013,Call Center,Transfer,216
2064,1430,Web,Login,143
2065,240,App,Login,121
2066,791,Web,Transfer,106
2067,1074,App,Consulta,80
2068,228,App,Transfer,85
2069,464,App,Consulta,23
2070,1427,App,Login,92
2071,1411,App,Transfer,204
2072,468,Web,Consulta,58
2073,1327,App,Transfer,88
2074,366,Web,Consulta,478
2075,1296,App,Transfer,230
2076,419,Web,Login,253
2077,728,Web,Transfer,329
2078,561,App,Login,386
2079,149,Web,Transfer,397
2080,264,Web,Login,380
2081,101,Web,Transfer,159
2082,350,App,Transfer,167
2083,1281,Call Center,Consulta,273
2084,626,Web,Login,188
2085,783,Call Center,Consulta,273
2086,228,Web,Transfer,41
2087,1470,Call Center,Transfer,177
2088,1448,Call Center,Login,434
2089,986,App,Transfer,444
2090,49,App,Login,299
2091,5,App,Login,130
2092,690,Call Center,Consulta,14
2093,1493,Web,Transfer,130
2094,1242,Call Center,Consulta,278
2095,220,Call Center,Transfer,141
2096,118,Web,Login,71
2097,1417,Call Center,Consulta,472
2098,1123,Call Center,Consulta,474
2099,622,Call Center,Transfer,51
2100,1038,Web,Transfer,332
2101,1100,App,Login,201
2102,1229,App,Login,247
2103,49,Web,Login,7
2104,164,Call Center,Transfer,237
2105,203,App,Transfer,134
2106,366,Call Center,Consulta,221
2107,64,Web,Login,138
2108,649,Call Center,Transfer,353
2109,1402,Call Center,Login,327
2110,915,App,Consulta,307
2111,1346,App,Transfer,45
2112,98,Web,Transfer,427
2113,996,Web,Login,299
2114,311,Web,Login,35
2115,136,App,Consulta,229
2116,133,App,Login,393
2117,151,App,Login,250
2118,1202,Web,Login,64
2119,510,App,Login,135
2120,541,Web,Transfer,101
2121,547,Call Center,Login,268
2122,1275,App,Consulta,463
2123,1364,App,Consulta,259
2124,498,Web,Transfer,193
2125,702,Web,Consulta,408
2126,11,App,Transfer,192
2127,214,Web,Login,224
2128,1078,App,Transfer,77
2129,716,Web,Login,328
2130,885,Web,Login,294
2131,746,App,Consulta,296
2132,1244,App,Transfer,293
2133,972,Web,Consulta,86
2134,1296,Web,Transfer,121
2135,1410,Call Center,Consulta,263
2136,1041,Web,Login,134
2137,230,Call Center,Consulta,201
2138,1485,Web,Consulta,216
2139,1240,Call Center,Login,293
2140,652,App,Transfer,240
2141,538,Web,Consulta,110
2142,115,Web,Login,426
2143,464,App,Login,5
2144,798,Web,Consulta,313
2145,1057,Call Center,Transfer,158
2146,1102,Web,Consulta,48
2147,1087,App,Consulta,479
2148,154,Call Center,Transfer,336
2149,1228,Web,Transfer,400
2150,928,Call Center,Transfer,93
2151,1342,Web,Login,437
2152,1145,Call Center,Consulta,42
2153,1342,Web,Login,135
2154,119,Web,Consulta,128
2155,927,Call Center,Transfer,104
2156,529,Web,Login,417
2157,680,Web,Consulta,340
2158,1241,Web,Transfer,38
2159,235,Call Center,Transfer,219
2160,644,Call Center,Transfer,401
2161,675,Call Center,Transfer,416
2162,931,Call Center,Transfer,17
2163,664,Call Center,Consulta,116
2164,162,Web,Login,104
2165,287,App,Consulta,56
2166,98,App,Login,218
2167,1172,Call Center,Transfer,19
2168,551,Web,Login,407
2169,27,Call Center,Login,73
2170,1085,Call Center,Consulta,467
2171,872,Web,Consulta,440
2172,9,App,Transfer,411
2173,637,App,Login,344
2174,741,App,Login,92
2175,999,Web,Transfer,231
2176,25,Web,Consulta,417
2177,916,Web,Consulta,365
2178,608,App,Consulta,114
2179,322,Web,Consulta,138
2180,1449,Web,Login,479
2181,97,App,Transfer,381
2182,1216,App,Consulta,459
2183,864,Call Center,Login,126
2184,1397,Web,Consulta,387
2185,741,Call Center,Transfer,459
2186,613,Web,Transfer,213
2187,85,App,Transfer,116
2188,46,App,Consulta,407
2189,363,Web,Login,133
2190,1360,App,Login,468
2191,420,Web,Consulta,435
2192,191,App,Login,93
2193,937,Web,Consulta,133
2194,1057,Call Center,Login,461
2195,1387,Web,Transfer,178
2196,281,Web,Consulta,367
2197,657,Web,Transfer,63
2198,1397,Call Center,Transfer,266
2199,1296,Web,Consulta,32
2200,277,Web,Transfer,433
2201,253,Web,Consulta,455
2202,968,App,Transfer,200
2203,321,App,Transfer,230
2204,474,Web,Consulta,99
2205,1194,Call Center,Consulta,103
2206,701,Call Center,Transfer,467
2207,109,Web,Transfer,231
2208,413,App,Login,225
2209,1071,Web,Transfer,160
2210,458,Web,Consulta,422
2211,1269,Web,Login,468
2212,84,Call Center,Consulta,196
2213,96,Call Center,Login,52
2214,638,Web,Consulta,182
2215,1459,Web,Consulta,463
2216,633,App,Login,17
2217,1042,Web,Transfer,397
2218,542,App,Consulta,125
2219,225,App,Transfer,128
2220,138,Call Center,Consulta,66
2221,300,App,Consulta,172
2222,118,App,Transfer,18
2223,339,Call Center,Consulta,452
2224,481,Web,Transfer,452
2225,999,App,Consulta,470
2226,158,Call Center,Transfer,249
2227,126,Call Center,Consulta,278
2228,377,Call Center,Transfer,475
2229,1359,Call Center,Consulta,195
2230,1097,App,Transfer,168
2231,188,App,Transfer,471
2232,1089,Web,Transfer,89
2233,1279,Call Center,Consulta,59
2234,1452,Web,Consulta,476
2235,1440,App,Transfer,112
2236,441,App,Transfer,16
2237,733,Web,Login,307
2238,349,Call Center,Transfer,371
2239,846,App,Consulta,411
2240,620,App,Login,319
2241,1360,App,Transfer,172
2242,433,App,Transfer,172
2243,47,App,Transfer,472
2244,1150,App,Login,355
2245,52,Call Center,Login,355
2246,813,App,Login,369
2247,380,Web,Login,190
2248,1479,App,Login,339
2249,486,Web,Transfer,139
2250,1366,Web,Login,209
2251,923,Web,Login,399
2252,1450,Web,Transfer,163
2253,1465,App,Transfer,206
2254,878,App,Transfer,447
2255,1337,Web,Consulta,186
2256,1123,Web,Login,263
2257,613,Web,Transfer,162
2258,199,Call Center,Consulta,151
2259,778,App,Transfer,175
2260,528,Web,Consulta,106
2261,296,Web,Login,25
2262,1077,Call Center,Login,11
2263,234,Call Center,Transfer,42
2264,754,Web,Consulta,154
2265,434,App,Consulta,184
2266,188,App,Login,91
2267,1328,Call Center,Consulta,244
2268,1046,Web,Transfer,204
2269,1206,Web,Login,261
2270,719,Call Center,Login,345
2271,1038,Web,Login,295
2272,587,Call Center,Consulta,480
2273,896,Web,Transfer,302
2274,250,Call Center,Consulta,447
2275,678,Web,Transfer,366
2276,979,Call Center,Consulta,308
2277,820,Call Center,Transfer,254
2278,32,App,Transfer,417
2279,727,App,Consulta,110
2280,884,Web,Transfer,129
2281,733,Call Center,Login,355
2282,337,Web,Login,361
2283,1427,Call Center,Login,131
2284,872,Call Center,Login,354
2285,529,Call Center,Login,218
2286,803,Call Center,Consulta,309
2287,144,Call Center,Transfer,41
2288,337,Web,Login,375
2289,963,Web,Consulta,151
2290,1158,App,Login,275
2291,1441,App,Login,193
2292,575,Web,Login,242
2293,390,App,Transfer,62
2294,764,Call Center,Login,268
2295,347,App,Transfer,121
2296,1018,Web,Login,355
2297,1072,Web,Consulta,24
2298,1090,App,Login,337
2299,16,App,Transfer,166
2300,1487,Web,Transfer,362
2301,899,Call Center,Consulta,297
2302,1224,Call Center,Transfer,403
2303,972,Web,Consulta,335
2304,109,Call Center,Login,350
2305,354,Web,Consulta,186
2306,989,App,Login,76
2307,1475,Web,Transfer,469
2308,254,Call Center,Login,290
2309,56,App,Consulta,21
2310,607,App,Login,411
2311,1103,Call Center,Consulta,375
2312,795,App,Login,337
2313,719,Call Center,Transfer,428
2314,286,App,Login,442
2315,1026,Call Center,Transfer,317
2316,916,App,Login,93
2317,63,Call Center,Consulta,354
2318,50,App,Transfer,108
2319,305,Call Center,Consulta,419
2320,105,Web,Transfer,367
2321,1262,Call Center,Consulta,159
2322,1251,App,Transfer,150
2323,788,Call Center,Login,70
2324,884,Call Center,Consulta,247
2325,1402,App,Transfer,161
2326,859,Web,Consulta,388
2327,1044,App,Consulta,86
2328,502,Web,Transfer,180
2329,144,Call Center,Transfer,35
2330,756,Web,Consulta,249
2331,1471,Call Center,Consulta,200
2332,1305,App,Consulta,435
2333,622,Web,Login,406
2334,100,Call Center,Consulta,437
2335,813,App,Login,323
2336,135,App,Consulta,445
2337,567,Call Center,Transfer,412
2338,144,Call Center,Consulta,199
2339,867,Call Center,Transfer,459
2340,427,Call Center,Transfer,36
2341,400,Web,Consulta,289
2342,94,Call Center,Consulta,42
2343,966,App,Login,359
2344,1361,Web,Login,87
2345,156,Call Center,Transfer,285
2346,1174,Web,Login,301
2347,801,App,Login,438
2348,111,Call Center,Transfer,221
2349,1232,Call Center,Transfer,159
2350,1236,App,Transfer,56
2351,618,App,Login,104
2352,355,Call Center,Consulta,104
2353,534,Web,Login,451
2354,119,Call Center,Transfer,131
2355,1331,App,Login,444
2356,1278,Call Center,Login,233
2357,390,App,Consulta,14
2358,1493,Call Center,Transfer,291
2359,502,App,Consulta,6
2360,42,Call Center,Login,270
2361,1446,Call Center,Login,284
2362,1087,App,Login,443
2363,983,Web,Transfer,275
2364,954,Web,Transfer,47
2365,1165,Web,Transfer,39
2366,1395,App,Transfer,116
2367,1264,Web,Transfer,270
2368,954,Web,Consulta,197
2369,256,App,Consulta,346
2370,560,Call Center,Transfer,369
2371,122,Call Center,Transfer,384
2372,1285,Call Center,Login,365
2373,1153,Call Center,Transfer,372
2374,1321,Web,Login,99
2375,1097,App,Transfer,428
2376,540,App,Transfer,195
2377,1036,App,Transfer,100
2378,1460,Web,Transfer,300
2379,293,Web,Consulta,180
2380,1491,Call Center,Consulta,8
2381,1036,App,Login,87
2382,257,Call Center,Transfer,473
2383,1027,App,Transfer,275
2384,922,Web,Transfer,168
2385,460,App,Transfer,8
2386,1372,App,Consulta,8
2387,860,Call Center,Consulta,414
2388,96,Call Center,Transfer,470
2389,277,App,Transfer,266
2390,216,App,Login,318
2391,1487,App,Consulta,200
2392,170,App,Login,137
2393,7,Call Center,Consulta,344
2394,17,Call Center,Login,443
2395,985,Call Center,Login,303
2396,1058,Web,Login,154
2397,1162,Call Center,Transfer,468
2398,1356,Web,Transfer,311
2399,1377,App,Login,444
2400,1422,Web,Consulta,326
2401,491,App,Login,253
2402,1309,Call Center,Login,353
2403,345,Call Center,Consulta,72
2404,830,Call Center,Consulta,195
2405,1345,App,Transfer,320
2406,132,Call Center,Login,78
2407,107,App,Transfer,144
2408,968,App,Consulta,118
2409,1160,Web,Transfer,225
2410,526,App,Consulta,259
2411,537,Call Center,Login,465
2412,1089,Call Center,Consulta,447
2413,1182,Web,Consulta,239
2414,482,Call Center,Login,62
2415,1423,App,Transfer,74
2416,1118,Web,Consulta,183
2417,1276,App,Login,223
2418,907,Call Center,Transfer,89
2419,589,App,Transfer,129
2420,550,App,Consulta,36
2421,1251,Call Center,Login,360
2422,755,Web,Consulta,466
2423,488,Web,Transfer,351
2424,254,App,Transfer,356
2425,983,Call Center,Consulta,20
2426,20,Call Center,Consulta,398
2427,1195,Call Center,Login,193
2428,173,Web,Login,261
2429,308,App,Login,111
2430,724,Web,Consulta,368
2431,93,App,Login,303
2432,244,App,Transfer,286
2433,1041,Call Center,Consulta,154
2434,761,Web,Consulta,252
2435,1103,App,Consulta,273
2436,62,App,Transfer,403
2437,237,Web,Transfer,126
2438,18,Web,Login,395
2439,966,Web,Consulta,469
2440,1441,Web,Login,214
2441,1431,Call Center,Consulta,299
2442,222,App,Consulta,356
2443,220,Web,Login,213
2444,1269,Call Center,Transfer,285
2445,1040,Web,Transfer,261
2446,925,Web,Login,66
2447,18,Web,Login,440
2448,732,Call Center,Consulta,298
2449,667,Web,Transfer,463
2450,211,Call Center,Transfer,210
2451,1276,Call Center,Transfer,161
2452,514,App,Login,364
2453,226,App,Login,177
2454,753,Web,Consulta,260
2455,767,App,Consulta,231
2456,345,App,Consulta,185
2457,1297,Call Center,Consulta,85
2458,1253,Call Center,Consulta,468
2459,944,Web,Consulta,176
2460,1395,Call Center,Login,35
2461,236,App,Transfer,425
2462,930,Call Center,Consulta,58
2463,683,Web,Login,465
2464,1223,Call Center,Transfer,160
2465,1268,Web,Login,367
2466,360,App,Consulta,402
2467,595,App,Transfer,93
2468,293,Web,Transfer,337
2469,1242,App,Transfer,94
2470,357,Web,Login,169
2471,370,App,Transfer,190
2472,677,Call Center,Login,74
2473,894,Web,Consulta,138
2474,708,Call Center,Consulta,193
2475,700,Call Center,Consulta,15
2476,1044,Web,Consulta,203
2477,1274,App,Login,272
2478,359,App,Transfer,25
2479,963,Call Center,Login,410
2480,507,Web,Consulta,234
2481,1347,Call Center,Consulta,145
2482,383,Web,Login,464
2483,1086,Call Center,Transfer,458
2484,1185,Web,Transfer,114
2485,1433,App,Login,240
2486,40,Call Center,Transfer,192
2487,1262,Web,Login,97
2488,307,App,Consulta,298
2489,219,App,Login,152
2490,1267,Call Center,Transfer,467
2491,1072,Web,Login,51
2492,869,Call Center,Consulta,240
2493,722,Web,Consulta,23
2494,58,Call Center,Login,107
2495,1173,Call Center,Transfer,470
2496,676,Call Center,Transfer,153
2497,918,Call Center,Consulta,401
2498,356,Call Center,Transfer,148
2499,122,Web,Login,270
2500,112,App,Transfer,280
